Working,Lazy,time
0,1,0
4,0,2.000627
8,0,4.002309
